name	frequency
Gazaâ€™s	241
Israel	21962
Gaza	17008
US	7347
Hamasâ€™s	72
Israelâ€™s	321
Shati	25
Gaza Strip	795
Tel Aviv	563
West Bank	3220
the West Bank	1701
the Gaza Strip	2226
Egypt	1344
South Africaâ€™s	18
Fridayâ€™s	3
Strip	245
al-Nasr	4
Deir El Balah	1
Deir al-Balah	17
Ashkelon	31
Jerusalem	1414
Bat Ayin	1
Qatar	603
Silwan	79
East Jerusalem	1519
Al Bustan	2
City of David	4
Bustan	2
Batan Al Hawa	1
Area C	67
Iran	1399
Jenin	1346
Lebanon	1313
Syria	610
Rafah	1416
Malta	28
southern Gaza Strip	19
Gaza City	808
Nablus	629
Beit Hanoon	41
Beit Lahiya	26
Jabalia	202
Ramallah	768
Shatila	28
Sabra	14
Beirut	259
Palestine	2288
Tehran	256
Washington	898
DC	166
the United States	1056
New York	169
Texas	31
Huwara	129
@yuhline	1
New York City	31
@YousefMunayyer	1
Qabatiya	11
Qabatyah	1
el-Bireh	10
Beitin	1
Ukraine	531
Los Angeles	29
California	47
Osage	1
Mariupol	6
Russia	474
Alabama	7
Dura	8
Hebron	269
Tulkarem	72
Washington, DC	189
The United States	270
Saudi Arabia	417
Jeddah	13
Riyadh	79
the Middle East	658
the United Arab Emirates	137
Bahrain	106
Morocco	128
Sudan	62
Washingtonâ€™s	12
Moscow	118
al-Shifa	104
the Red Sea	496
United Kingdom	84
Yemen	518
Sanaa	64
Aden	12
UK	464
The Red Sea	9
Africa	92
Red Sea	140
Marib	6
North Africa	69
Burqa	33
Homesh	28
Shavei Shomron	9
Salfit	21
Ariel	6
Evyatar	18
Beita	55
Eyvatar	1
Sheikh Jarrah	235
Deir el-Balah	215
Redwan	1
the Near and Middle East	6
Tubas	33
al-Faraa	1
al-Faâ€™ra	1
Middle East	312
Libya	47
Tnirte	1
the Atlas Mountains	1
Marrakesh	2
Algeria	68
Derna	3
Storm Daniel	1
Moroccoâ€™s High Atlas Mountains	1
Imi Nâ€™Tala	1
Turkey	269
Jordan	531
UAE	178
Charleston	1
South Carolina	11
@baysontheroad	1
the Democratic Republic of the Congo	4
Somalia	15
Haiti	10
Nabatieh	12
Sawana	4
Safed	3
United States	401
Cairo	249
the Mediterranean Sea	46
al-Maghazi	16
Wadi Gaza	22
Olaâ€™s	2
Maghazi	63
Naqab	74
Negev	29
Gazaâ€™s Rafah	14
Gaza Stripâ€™s	39
Abu Hamra	1
Abu Sultan	1
Paris	99
Britain	103
France	274
PA	84
Doha	125
Hong Kong	10
South Africa	444
the State of Palestine	15
Khan Yunis	20
Askhelon	1
Ashdod	18
Toronto	16
Davos	12
Switzerland	34
Geneva	70
al-Ram	8
Bethlehem	206
Mauritania	7
the Strip	5
Jakarta	24
al-Damaj	1
Hawasheen	2
Europe	214
Netivot	2
Serbia	27
Belgrade	16
Israel-Palestine	42
Yugoslavia	11
the Western Balkans	1
West	194
Balkans	3
Kosovo	15
Tel Avivâ€™s	23
Zababdeh	2
the southern West Bank	1
Yamam	2
Saqer	1
Bint Jbeil	9
Bnei Brak	11
Hague	22
Pretoria	21
Uganda	17
China	386
The Hague	90
Kuwait	31
@RepCori	4
Canada	251
Montreal	11
Milton, Ontario	1
Ottawa	14
Calgary	3
Afghanistan	85
Gazaâ€™s Deir el-Balah	7
the United Kingdom	177
@KenRoth	2
al-Zaitoun	2
Beit Hanoun	27
The United Arab Emirates	18
Asia	51
Mandeb Strait	5
South Africaâ€™s Cape of Good Hope	1
West Jerusalem	82
Netanyahuâ€™s	22
Al Shifa	2
Shifa	14
Belize	16
Khan Younis	193
Gaza Cityâ€™s	14
Shujayea	27
al-Mawasi	24
al-Muhtaseb	1
COP28 Dubai	1
Dubai	27
Bir Sheva	2
Mondayâ€™s	3
Lake Tiberias	1
Syrian Golan Heights	6
Alumim	1
Jeninâ€™s	11
Haifa	119
Nazareth	35
Stalingrad	3
Iraq	405
Damascus	112
the Strait of Hormuz	9
the Czech Republic	3
Denmark	25
Mexico	35
Netherlands	94
Norway	71
Delaware	8
U.S.	58
Syriaâ€™s	25
Emirates	6
South Korea	21
Tel Aviv.	11
Hong Kongâ€™s	1
the Carmel Mountains	1
Mediterranean Sea	4
Jaffa	40
Akka	9
Nabka	2
Wadi Salib	6
Yarmouk	6
Wadi Nisnas	4
Nakba	5
Umm Safa	6
Turmus Ayya	8
Ateret	1
Qalandia	6
South Lebanon	5
Lebanonâ€™s	40
Japanâ€™s	3
Tokyo	27
Japan	83
Kuala Lumpur	14
Malaysia	52
Naples	2
Italy	68
Austria	21
Australia	173
Finland	23
Germany	335
Iceland	16
Sweden	48
Romania	15
Hermesh	2
Shuafat	25
East Jerusalemâ€™s Old City	12
Judaise	8
the Jordan Valley	31
South Hebron Hills	10
Stripâ€™s	4
the Jordan River	32
Huwwara	9
Hawara	13
Rafidia	4
Nablus city	16
Askar	6
Nablusâ€™s Old City	3
The Old City	12
the Old City	202
East	10
Nuseirat	92
Milan	7
Copenhagen	14
Hessen	1
Berlin	106
the Temple Mount	69
Nabulsi	4
El mundo	1
Colombia	43
@petrogustavo	3
Mustaâ€™ribeen	7
Asqalan	4
Sinai	83
London	179
Sheikh Radwan	9
the Holy City of Jerusalem	6
@KSaloomey	1
Golan Heights	37
the Egyptian Sinai Peninsula	1
Portugal	20
Dheisheh	12
Kufr Dan	8
@PalestineMoE	2
Hiji	3
Erez	43
Rafah city	6
Bureij	30
Arraba	3
Zeitoun	20
the Lionsâ€™ Den	7
Glasgow	25
Scotland	15
Eastern Europe	8
England	24
Wales	6
Northern Ireland	10
Kyiv	36
Zaporizhzhia	1
Edinburgh	7
Odesa	3
Chile	44
Latin America	24
Bolivia	36
Argentina	35
Peru	10
Venezuela	9
Bosnia	17
Rwanda	11
Myanmar	16
Refaat	3
Poland	34
@AJEnglish	32
@TamaraINassar	1
the Negev desert	4
al-Habbariyeh	2
Kiryat Shmona	8
al-Jamaa al-Islamiya	1
Gretna	3
Louisiana	8
New Orleans	5
@MirandaCleland	1
America	93
Al Shati	1
Occupied West Bank	31
Ramle	16
Ofer	13
Israelâ€™s Gilboa	3
Ireland	113
#October7	2
Abwein	1
Qalqilya	28
Jericho	80
Mount Zion	5
Bani Suhaila	9
Zeyrek	1
the Ottoman Empire	14
Karem Abu Salem	8
Kerem Shalom	25
Chicago	36
al-Mowasi	1
North America	14
Western Europe	1
The United Kingdom	15
Americas	5
New Zealand	17
Vietnam	20
Houthi Red Sea	2
Houthi	21
Salem	24
Ohio	9
Pennsylvania	13
North Carolina	9
Pittsburgh	4
Michigan	181
Michiganâ€™s 12th Congressional District	1
Detroit City	2
@BernieSanders	1
San Francisco	23
Beit Hanina	23
Givat Zeâ€™ev	1
Al-Aqsa	53
Jerusalemâ€™s Old City	65
Shimon Tzadak	1
the Green Line	12
Lod	17
Shuâ€™afat	2
Shabura	1
Yemenâ€™s	17
Spain	143
West Bankâ€™s	17
Bab al-Mandeb Strait	9
Bab al-Mandeb strait	7
Liberia	8
al-Makha	4
Mocha	5
Liberain	1
the Bab el-Mandeb Strait	3
Alanya	2
Piraeus	1
Singapore	32
Bab al-Mandeb	5
Indonesia	127
Brunei	5
Kefalonia	2
Sharqia governorate	1
Cairoâ€™s	3
Nasr City	3
Cape Town	19
the Arab World	8
Franceâ€™s	3
Barbes	2
@ElsaFaucillon	1
Heilbronn	1
al-Ein	2
Judea	19
Samaria	22
The State of Palestine	3
State of Palestine	6
Kiryat Arba	13
@tksshawa	2
@bentreyf	2
Houthisâ€™	5
Arabian Gulf	1
North Yemen	1
the Peopleâ€™s Democratic Republic of Yemen	1
@IlhanMN	5
@AOC	4
Jerusalemâ€™s Sheikh Jarrah	2
the Korean Peninsula	2
Cyprus	61
the Democratic Republic of Congo	3
South Sudan	5
Kurdistan	4
Sierra Leone	6
East Timor	5
Nazi Germany	10
the Soviet Union	8
United Statesâ€™	23
@4noura	2
Jabalia Camp	1
El Arish	24
Gaza city	8
East Jerusalemâ€™s	16
Palestine-Israel	7
Columbia	39
Belgium	90
Czech Republic	3
Hungary	22
Slovenia	12
Brussels	44
@carogennez	1
Belgiumâ€™s	1
Flanders	2
Wallonia	2
the Occupied West Bank	4
Alexandria	7
@RashidaTlaib	4
Bureji	3
Pakistan	86
Tal al-Hawa	28
Old City of Nablus	4
al-Halabeh	2
Lionsâ€™ Den	3
Aqabet Jaber	7
Jericho city	3
Ein al-Hilweh	2
Basel	4
Kadriâ€™s	1
al-Jiftlik	1
Farsiya	1
Makhoul	1
Areas A	4
Croatia	4
Nagorno-Karabakh	5
Armenia	7
Islamâ€™s	33
al-Shifaâ€™s	2
Taiwan	43
Kisan	2
Maâ€™ale Amos	1
Mizpe Shalem	1
Abei Hanahal	2
the Abei Hanahal	1
al-Ahli	3
Hirbawi	1
Islamaphobia	1
Virginia	8
Washingtonâ€™s Georgetown	1
Brooklyn	11
Burlington	6
Vermont	19
Houston	11
Tene Omarim	1
al-Mughayyir	7
Adei	1
Al Jazeeraâ€™s	17
Kerman	8
the Islamic Republic	5
Nur Shams	27
Naqoura	6
Balata	31
Reihan	1
#Gaza Strip	1
Kafr Sousa	1
Um Haroun	6
Kerem Alajoni	1
Phoenix	1
Arizona	8
Erbil	21
Sayyida Zeinab	1
Levant	6
@AlboMP	2
Jalazone	8
Qatarâ€™s	7
Connecticut	4
Jordanâ€™s	13
Amman	83
Gulf	108
Ramot	5
Beit Iksa	1
the Near East	22
Bordeaux	1
@GhassanAbuSitt1	4
Nicaragua	25
New Hampshire	4
Tel al-Hawa	5
Beit Lahia	18
Al Rantisi	1
Bayan	1
@BayanPalestine	1
Miami	1
Amal	2
Deir Al-Balah	3
Remal	9
USSR	3
Tallinn	1
Tashkent	1
Almon	3
Anatot	3
Anata	5
Sde Teyman	3
Beâ€™er Sheva	9
Kashmir	27
Srinagar	10
India	213
Kashmirâ€™s Shopian	1
Srinagarâ€™s	1
Islamabad	13
Shopian	1
Barkati	1
the Kashmir Valley	1
San Franciscoâ€™s Mission District	1
Fayes	1
Oakland	6
Mission District	1
San Franciscoâ€™s	1
Kibbutz Beâ€™eri	4
Winnipeg	2
Livonia	1
Tel Israelâ€™s	1
Indonesiaâ€™s	3
Johannesburg	13
Vienna	4
Washington DC	9
Manchester	12
Hyderabad	5
Colomboâ€™s Kollupitiya	1
Tall az-Zataar	1
Hollywood	16
@ChrisVanHollen	3
Oslo	45
Maryland	12
Ivy League	5
Philadelphia	6
Manhattan	13
@ColumbiaSJP	1
Munich	13
Aston Villa	1
Farhana	8
Abudaqa	11
Florida	53
Iowa	15
ex-New Jersey	1
The Gaza Strip	41
Sinjil	3
Beitunia	15
The West Bank	25
Asdod	1
The Middle East	5
Sa-Nur	1
Kadim	1
Ganim	1
Kedumim	7
Ghaziyeh	4
the Lower Galilee	1
Safad	6
the Blue Line	5
the Litani [River	1
Houla	6
Khiam	2
Damj	1
Dahiyeh	6
Beirutâ€™s Shatila	1
Tasnim	1
theÂ WestÂ Bank	1
the Hebron Governorate	1
Istanbul	30
Aegean	2
Izmir	1
Ankara	55
Egypt.	3
The State of Qatar	3
Gaza#MOFAQatar	1
Tel Ismail	2
Tehranâ€™s	3
East Jerusalem
Oslo	1
Maldives	5
Rimal	19
Near and Middle East	1
Oceania	1
the Global North	11
Tunis	10
al-Ramla	2
Syrian Golan	2
Deraa	3
Syriaâ€™s Deraa province	1
Aleppo	28
the Golan Heights	28
Earth	37
Burin	10
al-Sumoud	1
Jerusalemâ€™s Shuafat	2
Old Jerusalem	2
Lama Khater	1
Auckland	6
Islam	6
Abergavenny	1
Al Aqabah	1
Algiers	11
Amsterdam	3
Athens	17
Atlanta	7
Baghdad	49
Bangor	1
Basrah	1
Benslimane	1
Birmingham	2
Boston	10
Bradford	2
Braunstone	1
Brighton	1
Brisbane	5
Bristol	2
Canberra	4
Casablanca	2
Christchurch	3
Cork	1
Daraa	3
Dearborn	42
Derry	1
Dhaka	3
Diwaniyah	1
Dublin	19
Dunedin	1
Eindhoven	1
Edmonton	3
Fargo	1
Frankfort	1
Fresno	1
Galway	1
Gaziantep	2
Halifax	1
Hamburg	4
Hamilton	1
Idlib	13
Indiana	2
Irbid	1
Jacksonville	2
Kabul	5
Kampala	6
Karachi	14
Kelowna	1
Kensington	1
Khartoum	4
Krakow	2
Lahore	4
Leicester	5
Leipzig	2
Lille	1
Limerick	1
Llandudno	1
Lyon	2
Madrid	37
Mahdia	1
Marrakech	1
Melbourne	16
Milwaukee	7
Mogadishu	4
Montpellier	1
Mississauga	2
Nairobi	3
Nelson	1
Newburgh	1
Newcastle	1
Newtown	1
Nicosia	2
Norwich	1
Oxford	1
Palmerston	1
Perth	5
Peshawar	3
Pontypridd	1
Pristina	1
Preston	1
Buenos Aires	8
Quetta	2
Rabat	17
Raleigh	1
Richmond	1
Rome	20
San Jose	1
Sandton	1
Saskatoon	1
Sao Paulo	3
Sarajevo	6
Sydney	11
St. Johnâ€™s	1
Strasbourg	3
Stuttgart	1
Swansea	1
Tasmania	1
Toulouse	2
Tucson	2
Trablus	1
Tripoli	17
Vancouver	3
Warsaw	10
Waterford	1
Waterloo	1
Wellington	3
Whanganui	1
Jit	1
New Jersey	10
Nile River	1
el-Sisi	3
Jadaliyya	3
Greece	59
the Eastern Mediterranean	15
Souda Bay	1
Crete	3
Elefsina	1
Eastern Mediterraneanâ€™s	1
EastMed	1
Kalamata	1
Athensâ€™	1
east Aegean islands	1
the Global South	25
earth	1
Dahiya	5
Mediterranean	67
the Republic of Yemen	1
Hodeidah	13
Saada	4
Taiz	5
Hajjah	4
al-Wehda	3
@OsaidalserMD	1
Dagestan	9
New Delhi	21
Indiaâ€™s	6
Mumbai	4
Gujarat	1
Kargil	2
Gaza] Strip	4
Raminho	9
@JanaJaberP	1
Syriaâ€™s Aleppo	3
States	3
al-Karara	1
Palestiniansâ€™	1
Ahmedâ€™s	1
Israel Palestine	1
Masafer Yatta	61
Khribet al Fakhiet	1
al-Markez	1
Jarrah	28
Egyptâ€™s	22
QudsNen	7
Burqin	10
Hadassah	2
Ein Karem	2
Silwad	11
Jaffna	2
Jalazoun	1
United Statesâ€™s	11
United Arab Emirates	7
Wisconsin	35
Sderot	17
@TWennesland	7
the Palestinian West Bank	3
theÂ Gaza Strip	2
the United Statesâ€™s	6
Adelaide	4
Barcelona	25
Braband	1
Brasilia	6
Cambridge	4
Caracas	1
Colombo	7
Dallas	1
Delhi	2
Diyarbakir	2
Kolkata	15
Los Angles	1
Lucknow	6
Male	1
Manama	8
Marawi City	1
Mexico City	2
Portland	2
Pune	1
Rio de Janeiro	14
Santiago	5
Seoul	6
Surakarta	1
Thiruvananthapuram	1
Turin	2
Beijing	109
Israelâ€™s Jerusalem	2
al-Tur	3
Tunisia	42
Tunisiaâ€™s	5
Mdais	1
Latakia	2
Albu Kamal	1
Detroit	26
Dearborn Heights	2
Columbus	1
Qusra	14
Southern Gaza	3
@Omar_Gaza	2
the Peopleâ€™s Republic of China	1
PRC	2
Ethiopia	22
Mali	5
Guinea	5
Gabon	5
Niger	3
the Central African Republic	1
Zimbabwe	7
the United States of America	10
Capitol Hill	8
University City	1
Penn	3
the Occupied Palestinian Territory	10
Al-Quds	1
Rimal area	1
Umm al-Ghanam	2
Mount Precipice	1
Gilboa	30
West Bank Bedouins	1
Wadi al-Siq	10
Wadi Sik	1
Rimonim	3
Area B	4
al-Baqa	2
Ras al-Tin	3
Area C.	5
al-Tawani	1
Sair al-Ganoub	1
Ein al-Rashash	1
Mughayar al-Deir	1
Ein Samiya	18
Maâ€™ale Michmash	1
Area B.
Mughayar al-Deir	1
al-Farsia	1
al-Nusira	1
Ain al-Shibli	1
Bâ€™Tselem	8
Arab States	1
Swan Atlantic	2
Panama	3
Reunion Island	1
the Swan Atlantic	2
Djibouti	23
the Gaza Stripâ€™s	5
Oman	29
Luxembourg	10
al-Haram al-Sharif	16
Old City of Jerusalem	3
the Noble Sanctuary	12
Georgia	7
Illinois	12
Brazil	95
Shofat	1
Masada	2
Iraqâ€™s	8
Sudani	3
al-Sudani	1
the Kurdistan Region	1
the Holy Land	13
the Gulf of Aden	56
the Arabian Sea	13
Red and Arabian Seas	1
Bab al-	2
Mandab Strait	1
Beirutâ€™s	8
Hezbollahâ€™s	5
Arura	3
Deir Qaddis	1
Cityâ€™s Shati	4
Ubai	1
Dome of the Rock	3
Mughazi	1
Shujaâ€™iyya	4
al-Zaytoun	5
Yabad	7
the Old City of Jerusalem	9
Wadi al-Joz	3
Alwein	1
Old Cityâ€™s	3
Halaq	1
Eyadâ€™s	1
Balad al-Sheikh	1
the Nesher township	1
Saasaa	1
Deir Yassin	9
Sheva	1
Salihaâ€™s	1
Yirâ€™on	2
Avivim	2
Saliha	2
Wadi Saliha	1
the Upper Galilee Mountains	1
Lydda	7
Ramla	19
Sadilâ€™s	1
Western Wall	5
D.C	1
the State of Israel	79
Al-Shifa	1
al-Amari	5
Barzilai	1
al-Thahiriyeh	1
Ramallahâ€™s	2
Eshel	2
Beer Sheva	2
Ara	7
Kafr Qaddoum	1
Qadumim	1
Nabi Saleh	19
Hebrew	8
Iron Dome	4
@AgnesCallamard	5
the Holy See	2
Nur Al Shams	2
Budrus	3
Aizawl	6
Manipur	8
Kangpokpi	1
Mizoram	7
Mizoramâ€™s	1
the Kingdom of Judah	1
the Bnei Menashe	3
Kolasib	1
Kufr Aqab	5
Faroukh	4
Central Gaza Strip	7
az-Zawayda	4
Jubbet adh-Dhib	3
Kafr Malik	3
Megiddo	5
Betunia	2
Nairoukh	1
Shawawra	1
the Sinai Desert	9
Israelâ€™s Gaza	7
Bethlehemâ€™s	1
X.
Spain	1
al-Karama	3
al-Maqosi	1
al-Mukhabarat	2
Nepalâ€™s	1
Kathmandu	3
Qaryout	6
Sebastia	11
Ras al-Ain	2
Al-Shabaka	1
@USAmbIsrael	4
the United Statesâ€™	3
the State of Israelâ€™s	1
Golan	10
Maaleh Adumim	3
the Arab League	9
Awarta	2
al-Tuwani	5
Marda	1
al-Mughayyer	4
Yasuf	2
Jammaâ€™in	1
al-Taybe	1
al-Mufagara	1
Fazâ€™a	1
Yitzhar	5
Madama	3
Urif	8
Einabus	1
Beit Furik	5
Aqraba	2
Tulkarm	12
Qadoura	1
Iranâ€™s	20
Eshkol	2
Bandar	1
Marshall Islands	9
al-Mukha	1
Karnei Shomron	1
Sanniriya	1
Nilin	3
Baqaâ€™a	3
al-Manshiyya	1
Arroub	6
Zarqa city	1
The Land of Israel	1
Bani Suheila	4
al-Fukhari	6
the Land of Israel	4
Galilee	16
the Naqab Desert	3
Beit Jala	6
Tequa	3
South Florida	1
Taybeh	2
East Jerusalemâ€™s Silwan	3
al-Bustan	11
Sheikh Jarrah neighourhood	1
Batn al-Hawa	3
Silwanâ€™s Batn al-Hawa	1
Sidon	17
Tiberias	3
Shebaa Farms	9
North Sinai	8
Zuweid	2
Ismailia	2
Honduras	10
Guatemala	10
The Islamic Republic	2
the Bab al-	2
the Arabian Peninsula	12
the Horn of Africa	2
Bahamas	10
Eilat	32
Shaaf	1
Karamah	1
Abu Dhabi	21
Kerala	16
Stockholm	5
Marseille	1
New Zealandâ€™s	2
Bab el-Mandeb Strait	1
Cyprusâ€™s	1
Ayia Napa	1
Larnaca	6
Pournara	1
Middle Eastern	35
sub-Saharan Africa	1
the Occupied Territories	6
Shila	1
Shilaâ€™s	1
Baltimore	2
Northern Gaza	10
@NRC_Egeland	1
Al-Bureij	3
Hollywood Beach	1
Lydd	53
Umm al-Fahm	13
Hirak Haifa	1
Shefa	1
Amr	1
Baqa al-Gharbiya	2
the Occupied Palestinian Territories	6
Beer al-Sabe	3
Rahat city	2
Palestineâ€™s	8
Humsa al-Baqaiâ€™a	2
Humsa Al Bqaiâ€™a	1
Humsa	1
Khirbet Humsah	1
Jordan Valley	4
al-Shati	9
Rmeish	5
Temple Mount	27
Atarot	6
Beit Daras	10
Yaffa	3
Tabiyya	1
Isdud	4
al-Sawafir	1
Gazaâ€™s Bureij	2
Qarrara	1
Chaman	1
Top United States	1
Kafr Ein	2
the Islamic Republic of Iran	3
Nusairâ€™s	1
Hosam Salem	1
Austriaâ€™s	1
Arabian Sea	3
Hind	1
Hindâ€™s	1
Atlit	1
Caesarea	5
Beeri	1
Beit El	10
Ramat Gan	5
Ahli	2
@m7mdkurd	5
Kerem Alâ€™ajoni	1
@edokonrad	1
Qibli	1
Jabaliya	15
Jaba	8
WestBank	3
@RZabaneh	4
Bosnia-Herzegovina	3
Srebrenica	3
Grand Central	2
NoraInPalestine	1
@rafaelshimunov	1
the Beit Hanoun	1
@KamalaHarris	3
Duma	6
Abu Falah	1
Ein Siniya	1
USA	9
Shaboura	2
Egyptâ€™s Sinai Peninsula	11
Jerusalemâ€™s	20
a West Bank	1
Huwarah	1
@Yesh_Din	1
Dumaidi	1
MoTaz	1
@azaizamotaz9	1
Shibli-Umm al-Ghanam	2
Jalama	9
Herzegovina	8
Recoleta	1
Mekorot	5
Lisbon	6
Rio Negro	1
San Telmo	1
Seldowitz	1
NYC	5
Mukhabarat	2
Manhattanâ€™s Upper East Side	1
EcoPeace Middle East	4
Matkal	1
Sur Baher	2
Samidoun	2
#Al_Karama	1
Turkiye	1
Tanzania	1
Tulkaremâ€™s	4
Allahâ€™s	1
Jehadâ€™s	1
Anabta	1
Medan	21
Al-Jalaa	1
Abu Aklehâ€™s	7
Sheikh Zuwayed	1
Suad al-Bis	1
Cancun	2
Muwasi	3
Beersheba	14
Ocean Jazz	1
Philippines	61
the Cape of Good Hope	17
North Korea	10
Eurasia	4
Putinâ€™s	1
Leningrad	1
St Petersburg	2
Beit Duqqu	3
Eviatar	7
Givat Eviatar	1
Nitzana	1
Al-Awja	1
az-Zarnug	1
Negev) Desert	1
al-Furah	1
Rahat	4
Umm al-Hiran	1
Hiran	1
Jabal Qbeibat	1
Sunakâ€™s	2
@RepAndreCarson	1
Olney	1
Khan Younis city	6
Salhi	1
East Berlin	1
Gorki	1
Great Britain	2
Denkverbot	1
Gulf of Aden	15
Red and Arab Seas	2
Eastern Mediterranean	3
Mis al-Jabal	1
Ita al-Shaâ€™ab	1
Wadi Hamool	1
Tyre	17
North	6
Rafahâ€™s	5
Rishon LeZion	1
Ithna	4
MENA	4
a United States	4
Bahrainâ€™s	1
Western Sahara	14
Uttar Pradesh	6
Azamgarh	4
Saraimeer	2
Jhelum river	1
Hares	1
Soufâ€™s	1
Yafa	9
Kfar Saba	1
Azzun	4
Salfi	1
Bruqin	8
New York State	2
Havat Yehuda	1
al-Zawaida	1
Jebbayn	1
Aita al-Shaab	1
Rantisi	3
Sinai Peninsula	5
@JosepBorrellF	3
East Jerusalemâ€™s Sheikh Jarrah	4
Jalame	1
Alma ash-Shaab	3
Hanita	3
Zawata	5
Jihadâ€™s	1
theÂ United States	2
Global South	4
Bangladesh	14
Comoros	6
Africa4Palestine	3
@RepRashida	5
Old City	21
Shujaiya	15
Selma	3
Pakistanâ€™s Balochistan province	2
Iranâ€™s Sistan-Baluchestan province	2
Rask	2
Sistan-Baluchestan	2
the Persian Gulf	1
Balochistan	1
Burlington, USA	2
Dresden	2
Ukraineâ€™s Mariupol	1
Taichung	1
Chinaâ€™s east coast	1
the Taiwan Strait	1
Taipei	1
South	6
Southeast Asia	4
OId City	1
ElSayed	1
Red Crescent	3
Beit Sahour	4
Marlboro	1
Jacir	1
Aranha	1
Lubban	4
Sharqiya	5
Tuesdayâ€™s	1
Eli	11
Mideast	2
Har Homa	3
Hapoel Tel Aviv	1
Wembley	3
@lucyfrazermp	1
Atletico Madrid	6
@JamesPiotr	1
Area A	3
Royal Oak	1
Stevensâ€™	1
Levinâ€™s	1
Congo	3
South America	6
Qibya	2
Marjaajoun	1
Kafr Qaddum	2
Beit Dajan	6
@ionebelarra	2
Missouri	7
Supernova	4
South of Gaza Strip	1
Kfar Aza	8
the Bab-el-Mandeb Strait	1
Dhamar	1
al-Bayda	3
the Bab al-Mandeb Strait	16
Jeddah, Saudi Arabia	1
Augusta Victoria	1
Wednesdayâ€™s	2
Nice	1
Dien Bien Phu	1
Vukovar	1
Grozny	2
Fallujah	3
7amleh	1
Kamikawa	2
Kirkuk	1
Muwaâ€™imah Beach	2
Suhaâ€™s	1
Hiroshima	4
Englandâ€™s	1
the Byzantine Empire	2
Zaatara	6
Asira al-Qibliya	2
Har Bracha	2
Aqaba	30
East Asia	7
Syriaâ€™s Golan Heights	9
Bethany	1
Shabab Rafah	1
Balah	13
Wadi	7
Kaaba	1
Mecca	14
the Mount of Olives	5
Mount of Olives	2
Shiloh	1
Alma Shaab	1
Twani	1
Haggai Matar	1
@Ha_Matar	1
Tuwani	1
Givâ€™at Zeâ€™ev	2
Adana	4
Turkeyâ€™s	2
Kahramanmaras	2
Kayseri	1
Van â€“	1
Manila	4
Harare	1
Quezon City	1
the Gaza strip	2
al-Ain	3
Umm al-Sharayet	4
al-Bireh	7
Pacific Island	1
Nauru	4
Palau	4
Jewish States	1
Mauritius	4
#Israel	2
Shanghai	1
Chengdu	1
Muhareb	1
Maale Adumim	12
Mattat	2
Yabous	1
Tel el-Hawa	2
Bab el-Mandeb strait	2
Kenya	16
Zambia	5
Ghana	5
the MiddleÂ  East	1
Chad	6
Nigeria	7
Cameroon	5
Togo	2
@PowerUSAID	1
Kentucky	1
Jarara	1
Hamad	8
Gazaâ€™s Jabalia	10
Efrat	5
Maccabim	1
Beit Sira	2
Modiin	1
Occupied Palestinian Territories	3
the Republic of Ireland	4
the Shebaa Farms	2
West Beirut	11
Beddawi	2
Abu Swarehâ€™s	1
Al Aqsa Mosque	1
Al Haram	1
Al Sharif#Jordan	1
the Hashemite Kingdom	2
@LinaAbuAkleh	2
Haram al-Sharif	5
Mandatory Palestine	1
Ein Beit al-Maâ€™	2
Paradise	1
Beruit	1
Itochuâ€™s Tokyo	1
USâ€™ anti-China	1
Columbiaâ€™s Tel Aviv	1
PalestineğŸ‡µğŸ‡¸	1
Atlantic	2
Thailand	40
Jabal al-Mukaber	4
Hizma	10
Bennettâ€™s	4
Sharjah	2
Montenegro	4
Tayr Debba	1
@WCKitchen	4
Puerto Rico	2
Moldova	5
the Dominican Republic	1
Cuba	6
The Bahamas	1
Cambodia	11
Kharkiv	3
Quebec City	1
Scarborough	1
Raâ€™amâ€™s	1
Banatâ€™s	1
Umm el-Fahem	1
Amnestyâ€™s Middle East	1
Naksa	3
NikkiHaley	1
Bab al-Asbat	1
the Holy City	3
the Dome of the Rock	6
a Greater Land of Israel	1
Amalâ€™s	1
the whole Gaza Strip	1
Abu Akleh	3
@DrHananAshrawi	4
Deir Sharaf	4
Mount Sabih	8
Yemenâ€™s coast	2
Malala	2
@SusanSarandon	2
Kochav Yaakov	1
Halabja	1
Katzir	1
Greater Israel	5
Western Samaria	1
Kalandia	1
The Golan Heights	2
the State ofÂ Israel	1
theÂ GazaÂ Strip	1
Manchester City	1
@bgraulau	1
@AaronBastani	1
@KhaledBeydoun	1
PALESTINE	3
@OnlinePalEng	1
@MarkSeddon1962	1
Denford	1
@RomeoKokriatski	1
@SenTomCotton	1
Warasneh	1
al-Shuyukh	1
@LindseyGrahamSC	2
al-Shifa Hospital	1
Karama	1
al-Hadhratâ€™s	1
Khirbet Zanuta	3
Aâ€™Nizan	1
Khirbet Zanutaâ€™s	1
the Sinai peninsula	3
the South Hebron Hills	1
Susiya	4
Jinba	1
Um al-Khair	2
Tuba	4
Sfai	1
Yatta	1
Fokhari	1
Greater Syria	2
Addis Ababa	3
MiddleEast	1
Virginia Gamba	1
New Aleppo	1
Abu Dhabiâ€™s	4
Sudanâ€™s	4
Al-Nasr	2
Al-Bawab	1
North Sumatra	5
the Emirate of Transjordan	1
Sumatra	2
Bangkok	11
Black Sea	1
North Gaza	13
Jabalia al-Balad	1
Gazaâ€™s Mediterranean	3
Southern Rimal	1
al-Darraj	1
al-Tuffah	1
#Gaza city	1
Gazaâ€™s Old City	2
St Porphyrius	1
al-Zahra	6
al-Mughraqa	2
al-Bureij	6
al-Musaddar	1
al-Maâ€™ani	1
al-Qarara	4
Abasan al-Jadida	3
Khuzaâ€™a	10
Umm al-Kilab	1
al-Qarya al-Suwydiya	1
Mosul	1
Karish	1
Chileâ€™s	1
Kokab	3
@NadiSaadeh	1
@Amanykhalefa	1
Jiljilya	4
Fukhari, Gaza Strip	1
Gazaâ€™s Mediterranean coast	2
@RoKhanna	1
Kefar Sava	1
Rehovot	2
Tallahassee	1
al-Sawiya	4
Mawasi	2
Fukhari	2
Qalqiya	1
Almadhoun	1
Judaise Jerusalem	3
Tamar	3
the River Tiber	1
Allenby	2
Liverpool	7
@MoSalah	2
Adnanâ€™s	2
Arrabeh	4
Israelâ€™s Ramla	1
Palmachim	4
the Sea of Oman	1
West Asia	2
GazaÂ Strip	2
Crimea	10
Uman	2
Nachmanâ€™s	1
Berdyansk	1
al-Yamun	2
Tammun	1
Eand	1
El Hilweh	1
Acre	3
Hawaii	6
the Hawaiian Kingdom	1
Bloomsbury	1
Birzeit	4
Canterbury	3
the Middle Ages	2
Mount Lebanon	1
the Ramallah Municipality	1
Shireenâ€™s	4
UKâ€™s southern coast	1
@WFP_MENA	1
East Jersusalem	1
pre-Nakba Jerusalem	1
pre-Nakba Palestine	1
al-Arroub	2
Real Madrid	4
@BarbaraLeeForCA	1
JusticeforSalah	1
@JusticeforSalah	1
Beit Einun	3
Minnesota	31
Massachusetts	8
Jerusalemites	1
Bakarat	1
Nababta	1
Al-Yousufiya	1
Mamilla	1
Yalu	1
Imwas	1
Malha	1
North Sumatraâ€™s	1
Gazaâ€™s Maghazi	5
Indiaâ€™s Basmati	1
@OmarSShakir	2
Israelâ€™s Rafah	1
Sinaifhr	1
Egyptâ€™s Sinai	3
@repmarkpocan	3
New York's	1
9th District	1
@RepYvetteClarke	1
@USAmbUN	1
@Lolwah_Alkhater	1
Palestine & Occupied Kashmir	1
@CMShehbaz	1
ShireenNasri	1
West Bank's Jenin	1
West Bankâ€™s Ramallah	1
Sub Laban	1
Sub Labanâ€™s	3
Dolorosa	1
Free Jerusalem	1
West Bankâ€™s Area C	2
Welchâ€™s	1
Hodeida	3
Sanaa, Yemen	1
Kafr Aqab	3
Qalandiya	17
E1	2
@NDeRiviere	1
the #Gaza Strip	2
@NorwayUN	1
West Bankâ€™s Tulkarem	3
Ugandaâ€™s	1
Swaziland	1
Messina	5
Etna	1
Sicily	3
the Gilboa Crossing	1
Maccabi Haifa	1
Biblical Trail	1
Nababteh	1
al-Yusufiyah	1
Orient	1
@shawajason	1
@RafeefGarbi	1
Kassel	4
Hanau	1
Hasbaya	1
Neve Tzu	1
Israelâ€™s Sheba	2
Erzurum province	1
Manchester United	5
ex-Real Madrid	1
the Indian Ocean	19
Tel Hashomer	1
Orif	2
Bahaa el-Din Abu Ras	1
Bahaaâ€™s	1
Santa Ana	1
Orange County	1
Odehâ€™s	1
Ibrahimi	1
Egyptâ€™s Sanai Peninsula	1
a United Arab Emirates	1
Masdar	1
the Yarmouk River	1
the Naqab desert	6
the Arab Region	1
Charlottesville	3
South Dakota	1
Umm al-Sharayit	2
the Marshall Islands	2
Philadelphi Corridor	1
the Philadelphi Corridor	1
the Sinai Peninsula	9
Jabalya	2
Shujaâ€™iah	1
Abraj al-Nada	1
Shujaiyah	2
Sheikh Zayed	1
the Gaza Sector	1
@mohenglish3	1
Alexanderplatz	1
Senegal	3
Dakar	2
Incirlik	1
Saqallah	1
Mashareq	2
Foamco	1
Matouk	1
al-Jalaa	3
Shorouq	4
the State of the Union	2
Leicester City	2
Chelsea	3
@Mahrez22	2
@ElNennY	1
Al-Aqsa Mosque	1
Lapidâ€™s	1
D-Maryland	1
Ramallah al-Tahta	1
Zion	1
La Familia	2
the City of Jerusalem	1
el-Sisiâ€™s	1
Egyptâ€™s Sinai region	1
Raadâ€™s	1
Banias	1
Malmo	2
Icelandic	1
la DelegaciÃ³n	1
@ManuPineda	1
Fosen Peninsula	1
Norwayâ€™s Fosen Peninsula	1
Arcticâ€™s	1
Southern Scandinavia	1
Sapmi	1
Finnmark	1
northern Sapmi territory	1
Nordics	1
Europeâ€™s	1
the Fosen Peninsula	1
Fosen	2
Sami	1
Fosen Sami	1
the Western Sahara	1
Moroccoâ€™s	1
Maghreb	1
Isfahan	4
Zahediâ€™s	1
al-Silah al-Harithiya	1
Bab al-Silsila	1
Biddu	6
Beit Anan	2
the Gaza Valley	1
Elad	9
Rummaneh	2
Jabara	2
al-Muzayriyah	1
#Palestine	1
Jerusalem Governorate	1
West Ban	1
El Salvador	9
Member States	2
EastJerusalem	1
Murabitat	7
Pembroke	3
Mount	2
Murabitun	1
Scotlandâ€™s	2
pro-Gaza	1
West Africa	1
East Africa	2
Darfur	5
CÃ´te dâ€™Ivoire	1
Spartan Israel	1
Al-Jawhara	1
Aladnan	1
Mushtahaâ€™s	1
Palestinian West Bank	5
@Farah_Gazan	1
Sweimeh	1
@nadplo	2
@Gabi_Ashkenazi	1
@vonderleyen	5
@MehreenFaruqi	1
East-West	1
Sri Lanka	21
Sri Lankaâ€™s	1
Ceylon	1
Mullivaikal	1
Thursay	1
Damascusâ€™s Mezzeh district	2
WASHINGTON	1
@Lau_Bast	1
@Palestine_UN	5
Kfarkila	1
Odayseh	4
east Gaza City	1
Mahabharat	1
Gazaâ€™s Khan Yunis	1
Kozhikode	3
Indiaâ€™s Kerala	1
Keralaâ€™s Kottayam	1
Keralaâ€™s	1
Rantis	2
Rubble	1
al-Jouri	1
River	3
Sea	3
@RepJayapal	2
al-Walaja	5
Gilo	2
Har Gilo	1
Tal al-Zaatar	3
the Suez Canal	2
al-Fayyed	1
Al-Zawiya	1
North Asia	1
Bethlehemâ€™s Aida	1
Aida	9
al-Obeidiyah	1
Beltway	1
Al-Majaz	2
Shahadas	1
Arkansas	15
pro-Iran	1
Rhode Island	2
al-Midya	3
Jenin city	8
Warasnehâ€™s	1
Gaza Beach	1
Yemenâ€™s Red Sea	2
Al Rayyan	1
al-Jaabaris	1
Givâ€™at Ha-Avot	1
Hebronâ€™s	4
Abdulkareemâ€™s	1
al-Jaabari	1
Abu Ananâ€™s	1
Budapest	1
Houssam Wadi	1
Wadi al-Seeq	1
Nahariya	3
Netanya	1
Gaza's	1
Ayeshâ€™s	1
ex-Yugoslavia	1
Abu Dhbaa	1
al-Saftawi	4
MOFAQatar	1
the State of Qatar	4
Sundayâ€™s	3
Nour Shams	3
the Republic of South Africa	1
San Antonio	6
Zaka	1
USâ€™s	2
Baghdadâ€™s Green Zone	1
Hamasâ€™ Gaza	1
North Star	1
Negev desert	2
Liri	1
Holon	1
Bat Yam	4
Sisaket province	1
Nadaâ€™s	1
Kfar Thulth	1
al-Maghari	1
EastÂ Jerusalem	2
Khuzaa	4
White House	2
Al-Arish	1
Yaâ€™bad	4
Zahedan	1
Yazd	1
Chabahar	1
Qazvin	1
Indiaâ€™s Kargil	1
Qom	1
@abellanger49	1
Biblical Israel	1
Sammour	1
Iskaka	3
Mughrabi	1
Gush Etzion	4
Waters	2
Frankfurt	6
Hamasâ€™	4
@HannaFlint	1
Arab al-Aramshe	1
Ras Khamis	1
Ras Shhadeh	1
Dahiyat al-Salam	1
Gazaâ€™	1
Yatta city	1
Ras Karkar	1
al-Saadiâ€™s	1
Sharm el-Sheikh	10
Kiryat Gat	1
Green Line	8
the Gulf of Aqaba	2
Josephâ€™s	2
Ainata	2
Yaroun	5
Central Park	3
Kedar	4
the Coastal Aquifer	2
Central Gaza	2
Karem Shalom	1
Birzeit, Palestine	1
a Free Palestine	3
Gaza.#globalstrike	1
Basra	4
the Al-Hamidiyah Souq	1
the Milky Way	1
Bekdash	1
Little Rock	1
Maâ€™ale Adumim	2
@ICRC_ilot	1
al-Rashid	2
Anadolu	5
Khashm Zanneh	1
the Negev Desert	2
Agzayaâ€™s	1
Cana	1
Chinaâ€™s	5
Belarus	5
Ebel el-Saqi	1
@EmmanuelMacron	2
Al Ahli	1
Rmeiche	1
Tel Shubeir	1
Palmera	1
Lusail	1
Entebbe, Uganda	1
DRC	3
@adoniaayebare	1
Namibia	24
Hadarim	3
Hammouriâ€™s Jerusalem	2
@HCWWatch	1
Eliya	1
Maaroub	1
El Wahda	2
the Palestinian Territories	7
UKâ€™s Leicester City	1
@PalMissionUK	2
Colorado	2
Tantura	9
Dor Beach	1
Berlinâ€™s	1
Sonnenallee	4
Neukoelln	4
United States Capitol	2
Rust Belt	1
Reykjavik	2
Tel Avivâ€™s Ganei Yehoshua Park	1
Shadiâ€™s	1
northern Gaza Strip	4
The Strip	1
Ismailâ€™s	1
Indo-Pacific region	2
Kazakhstan	5
Uzbekistan	5
Turkmenistan	1
Tajikistan	3
Kyrgyzstan	1
Central Asia	2
Abu Kamal	1
Mayadin	1
al-Anbar	1
the Northern District of California	1
Amarillo	1
Nir Oz	2
Qlaileh	2
Rashidyeh	1
Abdelsattar	1
the English Channel	1
Khreisâ€™s	1
Shiraz	2
Tammoun	1
Tubas city	1
Yemenâ€™s Hodeidah	1
the Gulf of Oman	5
Bulgaria	9
Gaza Borders	3
Saudi Arabiaâ€™s	1
the Pacific Northwest	1
West Coast	1
Eugene	2
Oregon	2
the East Coast	1
Seattle	3
LiorHaiat	1
Aroura	3
Ain Arik	1
Bidenâ€™s	2
Beit Ummar	11
Al-Bustan	1
Kadoorie	2
Southern Red Sea	2
Russiaâ€™s	2
Gantzâ€™s	2
Rosh Haâ€™ayin	3
Abbasâ€™s	2
Sultaniyah	1
Kafra	1
Nasser	6
H2	4
Tel Rumeida	6
H1	1
Wadi Hussein	1
Givat Haavot	1
Jaber	1
Calligraffiti	1
Mahdia, Tunisia	1
Lampedusa	1
South Darfur	1
Muttrah Souq	1
Muscat	1
the Gulf of Suez	1
Arab League	2
Geneina	1
Sheikh Ijlin beach	1
Raniaâ€™s	1
Egyptâ€™s Sinai desert	1
the Unites States	1
Azzoun	4
Eyad Banat	1
TikTok	5
Banat	2
Soviet Union	6
Qabatya	2
al-Muarajat	2
West Bankâ€™s Jericho	1
Qarawet Beni Hassan	1
Oslo Accords	1
Majiddo	1
Rmeich	4
Beit Ijza	2
Bir Nabala	2
Kibbutz Reâ€™im	1
Hapoel Jerusalem	2
Panjgur	1
the Sistan-Baluchestan province	1
Khor Fakkan	1
Nakbaâ€™	1
south Gazaâ€™s	1
Har Dov	1
Hammama	1
Red Sea Area	1
Barbados	7
Southern Africa	5
Syracuse	1
Rafah City	2
al Mawasi	1
Al Qararah	1
Hay al Amal	1
Tel Aviv-Jaffa	1
Florentin	1
Beâ€™eri	4
Baniyas	5
Bogota	3
Australiaâ€™s	3
@DavidShoebridge	1
Zindahs	1
Nitzarim	1
Wizard_bisan1	1
Al-Bireh	1
Einav	1
Kafr Qasim	3
Quebec	2
ğŸ“#Gaza city	1
@BasedMikeLee	1
the Republic of Korea	2
Isreal	1
Papua New Guinea	6
Sfax	3
Tunisâ€™s	1
theÂ  United States	1
Reâ€™im	1
Occupied Arab Territories	1
Southern Lebanon	3
the Third World	1
Equatorial Guinea	4
Angola	4
Malawi	18
Old Trafford	1
@ShahadehAbou	1
Zubeidiâ€™s	1
Silat al-Dhahr	2
Southwest	1
Austin	4
Military City USA	1
@GregAbbott_TX	1
Nablusâ€™s Rafidia	1
Najah	1
the Old City of Nablus	5
@MustafaBarghou1	1
Kunduz	1
Shalem	1
Kafer Kila	1
Rashidiyeh	1
Ichilov	1
Al-Haram al-Sharif	1
#Nablus	2
Yemenâ€™s Houthi	2
Bagdad	1
Khorasan Province	1
ISIS-K	1
Glen Cove	3
Long Island	6
New Yorkâ€™s	4
New Yorkâ€™s House	1
Abasan al-Kabira	6
the Lionâ€™s Den	1
Kafr Dan	3
Kuhail	4
Kahil	1
al-Sabra	3
al-Mashtal	1
Saftawi	2
GAZA	2
@Timesofgaza	2
Baqaa	7
Dawaymeh	4
al-Khalil	1
Jordanâ€™s capital city	1
Amatzya	1
Abdullahâ€™s	2
Alaaâ€™s	1
al-Marah	1
Shehab	1
Tal as-Sultan	7
the North Sea	1
The United States of America	2
Sabeih Mountain	1
@AlaaDaraghme	1
Kufr Qaddoum	2
Qalqilia	1
Saad Abedine	1
@SaadAbedine	1
Palestinian Territories	8
Occupied Palestinian Territory	3
Essaouira	1
the Atlantic Coast	1
@Mcdonaldsoman	1
McDonaldâ€™s Israel	1
Chinaâ€™s Xinjiang region	1
Tall az-Zaatar	3
Gaze Strip	1
Maan	1
Labbouneh	2
Wadi Slouqi	1
Majdal Selm	1
Green Zone	2
Tigris river	1
Sanad	1
Baghdadâ€™s	2
Kamamji	3
Infaiâ€™at	2
al-Zayyim	1
Jabal Mukaber	1
Near East	2
Khan Yunis
Israel	1
Gisha	2
Khanfar	1
Tofah	3
Rawaaâ€™s	1
Dead Sea	2
Jordan River	1
Azerbaijan	8
The Islamic Republic of Iran	1
Hirzallah	1
Givat Shaul	1
MuhammadSmiry	1
the Muslim Quarter	2
Arctic	1
Sahel	2
Ukraineâ€™s Crimean Peninsula	1
Central London	1
@metpoliceuk	1
al-Mawasi district	2
Farâ€™a	1
al-Faraâ€™a	1
Yamoun	1
Qalqilya city	1
Mazraa al-Gharbiya	1
Shufat	1
S Africa	1
Mozambique	7
Moskobiya	1
Nafha	6
Shatta	1
Hasharon	1
Huwarra	6
Maghazi, Gaza Strip	1
Bekaa Valley	3
West Bengal	3
Kolkataâ€™s	1
Kakatpur	1
Puri	1
Odisha	2
Calcutta	1
Barich	1
Metn	1
Arab Salim	1
Ebel Saqi	1
Rmeishâ€™s	1
Southern Israel	2
Ontario	4
Gazaâ€™s Khan Younis city	1
Worms	1
Kibbutz Alumim	1
@FredMetzo	1
Shaab	1
Tamra	2
Balad	1
al-Lydd	7
Triangle	4
Nazareth city	1
Abnaa el-Balad	1
Bethlehemâ€™s SOS Childrenâ€™s Village	1
the Bethlehem Village	1
SOS Childrenâ€™s Villages	1
Jibiya	4
Jibiyaâ€™s	1
Sde Ephraim	1
Herzogâ€™s Gulf	1
Arab Gulf	3
Beer al-Sabaa	1
al-Khader	2
Khirbet Tabalya	2
Givâ€™at Hamatos	2
Sarona	1
Germanyâ€™s	2
Beit Safafa	3
Jabal Abu Ghneim	1
Walajeh	1
Greater Jerusalem	2
the Arab Republic of Egypt	2
Dahdouh	3
Nitsana	1
Mashhad	1
Ardebil	1
Hamedan	1
A, B and C.
Area A	1
@davidmarcus	1
the Bab el-Mandeb	1
the Far East	1
Suez	3
the western Indian Ocean	1
Shijaiyah	1
Ein el-Hilweh	1
Burj al-Barajneh	2
anti-United States	2
Zaria	1
al-Karameh	2
Halhul	7
New Hope	1
Jatt	1
Bab as-Silsila	1
Gazaâ€™s al-Maghazi	2
Bandiagara	1
Sisiâ€™s Egypt	1
Anglosphere	1
Gazaâ€™s Beit Lahia	2
Joudehâ€™s	1
Jabaâ€™ Jenin	1
Turmus Aya	4
Al Bireh	2
Antakya	1
Hama	1
el-Arish	2
al-Gorah	1
Beijingâ€™s	4
Bangalore	1
Takshashila	1
Baqa al-Gharbiyye	1
Nasr	1
Al Jazeeraâ€™s Gaza	2
Egyptâ€™s Rafah	3
Desert	2
al-Ghussein	1
KufrDan	1
Rafah, Gaza Strip	4
Nassr	4
Abasan	4
Hill	1
Eastern Ukraine	2
Shufa	3
Oweida	1
al-Awadi	1
the â€¦ Odaisseh area	1
the south Litani	1
the Litani River	7
the Bekaa Valley	3
Switzerlandâ€™s	1
Moroccoâ€™s Rabat	1
Philadelphi	1
Saint Porphyrius	3
South Asia	4
Dahab	1
Georgetown	1
Strait	1
GazağŸ‡µğŸ‡¸	1
United Kingdomâ€™s	5
the Southern Red Sea	1
east Africa	1
@AHammoudMI	1
Nyrabia	1
Abassan	2
Yerevan	1
St Kitts	1
Nevis	3
Nahr el-Bared	1
Burj el-Barajneh	1
Awkar	1
Haret Hreik	1
Dekwaneh	1
al-Hallaq	1
Palestine 48	1
Alqamâ€™s	1
@Uz_Khawaja	3
Medina	3
al-Shujayea	3
the Mavi Marmara	1
Umm al-Fahem	4
Kiwan	1
al-Jalil	3
al-Naqab	2
Fidaa Abu Maria	1
Jabaliaâ€™s	1
Al-Istijabah	1
Yemenâ€™s southern coast	1
@UNLazzarini	3
Blinkenâ€™s	2
Deheishe	1
Yusra Abu Eid	1
Khan al-Ahmar	6
al-Eizariya	2
Kfar Adumim	2
Abu Dis	1
Assem Khater	1
Salfit city	2
Bruchin	1
Khaterâ€™s	1
Kufr al-Dik	2
Lebanonâ€™s Sidon	2
an Apartheid State	1
the Western District of Texas	1
El Bireh Municipality	1
the Armenian Quarter	1
the Cowsâ€™ Garden	1
the Jerusalem Municipality	7
Russiaâ€™s Dagestan	2
Makhachkala	6
Russiaâ€™s Republic of Dagestan	1
Rosaviatsiya	1
the Caspian Sea	1
Lebanonâ€™s Nabatieh	1
Israelâ€™s Goren	1
Nile	1
Middle Eastâ€™s	3
Kiryat Araba	2
Beit Shemesh	2
Hod Hasharon	1
Shimon Hatzadik	1
the Asia Pacific	4
the Morning Tide	1
@rohantalbot	3
the Kingdom of Saudi Arabia	2
@NydiaVelazquez	1
East Pakistan	1
@AMPalestine	1
@Art4PalestineUK	1
Upper Galilee	1
Minneapolis	3
Northern St Louis County	1
al-Basateen	1
Silat al-Harithiya	3
Jablia	1
Sila al-Harthiya	1
Ramleh	6
Guantanamo Bay	2
Art Cairo	1
al-Adrah	1
Zubaidi	1
Ohalei Kedar	1
Tel Nof	1
Gazaâ€™s north	1
al-Fakhoora	1
El Ghazi	1
@ABaerbock	1
Silicon Valley	3
Santa Clara	1
Bern	1
Zurich	3
Los Angeles County	1
San Diego County	1
Pasadena	1
West Darfur	2
el-Geneina	1
Hajj	12
Mafraq region	1
Petah Tikva	1
Rockland County	1
Harir	1
Massafer Yatta	1
Basel Adra	1
@basel_adra	1
B.
Masafer Yatta	1
Maâ€™on	3
Havat Maâ€™on	3
Samer	1
Issawiya	3
Wadi Joz	1
the Wadi Joz	1
Sub-Saharan Africa	1
al-Dabshah	1
Khirbet Selm	1
Ibil El Saqi	1
al-Tawilâ€™s	1
Chatham House	2
al-Mazraa Asharqiya	1
Harvey	1
Tawfiq	1
al-Mazraâ€™a Asharqiya	1
Saturdayâ€™s	3
Ansarallah	4
Deir el-Zour	1
Hasakeh	1
The Euphrates River	1
Boukamal	1
Ein Ali	1
Quriya	1
Mayadeen	2
Humaydiya	1
Neve Tzuf	1
Qana	3
State of Israel	1
Sbeihâ€™s	1
Hawashiyeh	1
Tawfeeq al-Shobaki	1
Aws al-Hanoun	1
ISRAEL	2
@indemtel	1
Margaliot	4
Kaikulangara	1
@IsraelinIndia	1
@QueenRania	1
Idlib province	1
Atmeh	1
@EyeonPalestine	1
Jabriyat	1
@RiyaAlsanah	2
Nablusâ€™s al-Makhfieh	1
Buffalo	1
Shathaâ€™s	1
Gaza Cityâ€™s Shati	1
Mount Gerizim	1
South China	1
West Philippines Sea	1
Hebron city	2
Al-Shati	5
Beach	6
@AlnaouqA	1
Bali	31
Indonesiaâ€™s East Java	1
East Java	3
Malang	2
Islamic Republic of Iran	1
Sistan	1
Baluchistan province	1
Huwaida Arrafâ€™s	1
Newham	5
East London	1
Savanta	1
Stratford	1
Newhamâ€™s	1
Egyptâ€™s Sinai peninsula	1
The Sinai peninsula	1
Pax Americana	1
Surif	1
Seychelles	7
MSC Clara	1
al-Farâ€™a	2
Hamastan	1
Fatahstan	1
Masoodâ€™s	1
Silat al-Thahr	2
Bazzariya	1
Sidonâ€™s Old Souk	1
Lebanonâ€™s Bekaa	1
Ghazieh	1
Old Souk	1
Jadra	2
Old Soukâ€™s	1
Iqlim al-Tuffah	1
the Old Souk	1
Israelâ€™s Kfar Aza	1
al-Sudaniyeh	1
al-Sahaba	1
the Middle East Eye	1
Nakbah	1
â€ Middle East	1
KSA	1
the Israel-Palestine	1
the Gaza Stip	1
Gazaâ€™s Jabaliya	1
Sinwar	1
@jeremyslevin	1
@SunjeevBery	1
al-Jalama	2
Jalamah	1
Al Maniya	1
Bitcoin Beach	1
El Zonte	1
Hagai	1
Bir Sabe	1
Bir Sheba	1
Fawwar	4
Hesse	1
the Sea	1
Bavaria	2
Thameen Darby	1
the Nakba Layer	1
Mercator	1
Alaska	1
the Asia-Pacific	1
the South China Sea	5
South China Sea	4
Darbyâ€™s Nakba	1
Daqqaâ€™s	2
Daqqa	2
Avdiivka	1
Kupiansk-Lyman	1
Mongolia	3
Jerusalemâ€™s Hadassah	1
Ghannam	1
Rishon	1
Deir Ibzi	1
Falluja	1
Al Fakhoura	1
Froukh	1
al-Issawiya	1
Hanoi	1
Laos	4
Tel Al-Hawa	1
al-Mazraâ€™a al-Gharbiyah	2
Ramon	2
Antalya	1
Tel Avivis	1
Bayt Jirja	1
Daghestan	1
Chechnya	3
the Red Crescent	1
Lajee	1
Belfast	4
al-Azza	1
al-layli	1
@NaksBilal	1
Zuwaid	1
@alexanderdecroo	1
@DrTedros	4
Arrabunah	2
Hallaq	1
Andorra	2
Antigua	2
Barbuda	2
Azerbaijan
B	2
Bhutan	2
Botswana	2
Brunei
C	1
Central African Republic	2
Costa Rica	2
Cote dâ€™Ivoire	1
Democratic Peopleâ€™s Republic of Korea	3
Democratic Republic of the Congo	3
Dominica	2
Dominican Republic	2
Ecuador	5
Eritrea	4
France
G	1
Gambia	2
Grenada	2
Guinea-Bissau	2
Guyana	3
Jordan
K	2
Kyrgyzstan
L	2
Lesotho	2
Liechtenstein	2
Luxembourg
M	2
Madagascar	2
Myanmar
N: Namibia	2
Nepal	7
Oman
P	1
Saint Kitts	2
Saint Lucia	2
Saint Vincent	2
Grenadines	2
Solomon Islands	2
Suriname	2
Syria
T: Tajikistan	1
Trinidad	2
Tobago	2
Turkey
U: Uganda	1
United Republic of Tanzania	2
Czechia	2
Fiji	3
Micronesia	3
Paraguay	3
Tonga
U: United States	1
Albania	9
Cabo Verde	2
Estonia	4
Finland
G	1
Kiribati	2
Latvia	3
Lithuania	2
Monaco
N	1
North Macedonia
P	1
Poland
R: Republic of Korea	1
Republic of Moldova	1
Romania
S	1
San Marino	3
Slovakia	3
Tuvalu
U	1
Uruguay	2
Vanuatu	3
Deir al-Hatab	2
Kibbutz Kfar Aza	1
Kibbutz Nir Am	1
Hura	5
Majdal	2
Mehran	1
La Liga	1
Ranoosh	1
Al-Waha	1
Flamingo	1
Nalchik	2
Kabardino-Balkaria	2
Rosaviatsia	1
Heathrow	2
Jabal al-Shamali	1
Kfar Chouba	3
Halta	1
Wazzani	1
Ghajar	2
al-Mazraâ€™a	1
Ajaq	1
Columbiaâ€™s	1
Wayne County	2
Jerusalem's Sheikh Jarrah	1
West Bankâ€™s Beita	1
Miraj	3
Kenyaâ€™s	1
Eastern Africa	1
Lake Nakuru	1
Kisumu	1
Mount Elgon	1
Ras Issa	1
Hodeidah province	1
Kafr Qassem	1
Jesusâ€™s	2
Rohtak	6
Haryana	3
UP	1
Bihar	4
@Benarasiyaa	1
Haryanaâ€™s Panipat	1
Haryanaâ€™s Jind	1
Aqabat Jaber	2
US-Jordan	1
@Maha_Rezeq	1
Umm Mohammadâ€™s	1
The United Statesâ€™	1
Southern #Gaza	1
Kufrdan	1
Yaabad	2
Turtle Island	1
@elicoh1	1
Elon Moreh	1
@Francescorocca	1
Farahâ€™s	1
Mahmoudâ€™s	1
the Eastern Mediterraneanâ€™s	1
az-Zahra	2
El-Amal	1
Tarqoumya	1
Hadera	3
Khdeira	2
Mount Lookout	1
Beitar Illit	2
Husan	3
Nahalin	1
Hamra	4
Mekhora	1
Al Khadr	1
Al Jabâ€™a	1
Niâ€™lin	1
VT	1
Jerusalem Municipality	4
Berlinâ€™	1
al-Kolaq	1
@Bundeskanzler	1
Daraj	3
Owat	1
Isaan	1
Thailandâ€™s	2
Kalasin	1
Surin	2
Sisaket	2
Khantaralak	1
Alla al-Araj	1
Dayton	1
Managua	1
Xinjiang	5
Freddyâ€™s	1
Jelazon	1
Aroub	1
Hebron City	1
@RepAOC	2
al-Makhfiyeh	1
Juneid	1
Thurmasiya	1
@Oxfam	1
Yafor	1
Cannes	1
theÂ Palestinian Territories	1
San Diego	3
Deir el-Balah city	1
the San Francisco Bay Area	2
al-Quds	2
Euro-America	4
Khirbet al-Ras al-Ahmar	3
Thaer Bsharat	1
Syriaâ€™s Mediterranean coast	1
El Qaisiâ€™s	1
El Qaisi	3
Hamad City	2
Vietcong	1
South Vietnam	2
Khmer Rouge	1
@majedalansari	1
Kan	3
Republic of Dagestan	1
Utro Dagestan	1
Israelâ€™s Mediterranean coast	1
Al-Amari	1
al-Bireh city	1
Al Ruwwayyes	1
Essential Middle East	1
Rambam	1
Jalaa	5
Antwerp	1
Jabaa	2
Jaba'	1
Midwest	2
La Cisterna	1
Santiago, Chile	1
Beer el-Sabe	1
Aitaroun	2
Ras Naqoura	1
Blida	1
Badr	1
the Northern Coast	1
Al-Nuzha	1
Al-Zahra	1
Al-Buraq	1
Al-Rawda	1
Al-Safa	1
COP27	1
Isfey al-Fauqa	2
@LynnHastings	1
Isfey al-Tahta	1
Mughayyer al-Adeed	1
Bannoura	1
Nevada	2
Kent	4
Washtenaw	1
Ingham	1
Desde el Estado	1
@LuchoXBolivia	1
@FayrouzSharqawi	1
Kawkab	1
al-Biâ€™neh	1
Umm al Fahm	1
Marj Ibn Amer	1
Jisr az-Zarqa	1
Natanz	1
Khorramshahr	1
Sajil	1
Al-Hudaydah province	1
the Saudi Arabia	1
Shabwa	1
Al Jawf	1
Saadah	1
Dena	2
@justinbaragona	1
Barahmeh	1
South Koreaâ€™s	2
Seoul.	1
@JZarif	1
Rashaya al-Foukhar	1
Rashaya Al Foukhar	1
Qalili	1
Mosque	2
Ramat Yeshai	1
Pampanga province	1
Philippinesâ€™	1
Metro Manila	1
Baalbek	9
The Gaza Stripâ€™s	1
Kilmarnock	2
North Curve	2
@NCCeltic	1
@marcohilley	1
Metzadot Yehuda	1
Sinaiâ€™s	1
Al Arish	1
Gazaâ€™s coast	2
East Java, Indonesia	1
Central Java	1
Abbottabad	1
Johor Bahru	1
Sadda	1
Torkham	1
Moro	1
Pemalang	1
Aceh	1
Pemulang	1
Tangerang	1
Al Tuffah	1
Upper Austria	1
Czech	1
Prague	1
Keflavik	1
Salamehâ€™s	1
Prabesh Bhandariâ€™s	1
Salyan district	1
Sunsari	1
Doti	1
Kadesh Barnea	1
SouthAfrica	2
Hamirpur	1
Aligarh	1
Maharashtra	1
Karnataka	2
Bengaluru	1
New Delhiâ€™s	1
Islington	1
@jeremycorbyn	1
Metropolitan	1
Chinatown	1
@SadiqKhan	1
Abudaqaâ€™s	1
Thavisin	1
Ahiya	2
Jalud	7
Adei Ad	2
Talaatâ€™s	1
the Bat Hefer	1
Melbourne, Australia	2
Melbourneâ€™s	2
Pacific	4
Benalla	1
Tapperâ€™s	1
Zawayda	2
Evanston	1
Slobodan Milosevicâ€™s Federal Republic of Yugoslavia	1
Helsinki	1
the Xinjiang Uighur Autonomous Region	1
Bissau	1
Global North	1
Gazaâ€™s Khan Younis	2
@Israel	2
@SaulStaniforth	1
@ashoswai	1
the Red Sea.	1
La France	2
@YairWallach	1
al-Sawwana	1
North Field	1
South Pars	1
Yemenâ€™s Aden	2
Map Ta Phut	1
Irbil	1
al-Amal	6
Land of Israel	1
Judaised Jerusalem	1
West Jerusalemâ€™s	1
Jal al-Alam	1
Sana'a	1
@Gray_Mackenzie	1
al-Thawabta	1
Marwahin	1
Aita al-Shab	1
Santa Claus	1
Baliâ€™s	1
Babylon	1
Dhi Qar	1
Diwanieh	1
Bay Ridge	1
ğŸ‡¸Toronto	1
Berlinâ€™s NeukÃ¶ln district	1
Al Qarara	1
Mediterraneanâ€™s	1
Heliopolis	1
al-Fawakhir	1
Gaza Cityâ€™s Zeitoun	1
the Old City of Gaza	1
Gazaâ€™s Daraj	1
Al-Masjid al-Omari al-Kabir	1
Byzantium	1
the Via Maris	2
Anthedon	1
Balakhiyah	1
Tida	1
Tell el-Ajjul	1
Calves Hill	1
Ahmadiyyah Zawiya	1
@PaulBongiorno	1
@SushantSin	1
West Indies	2
@MitchellGlenn	1
North of Rafah	1
Silat Al-Harithia	1
Sweden's	1
Hassounaâ€™s	2
Akka (Acre	1
@MahaGaza	1
Gishuri	1
Karemâ€™s	1
Yabrud	1
Qasra	1
Marzouk	1
Sana	1
Dohaâ€™s	1
Guayana	1
Sheikh Nasser	2
Mahara	1
Mahara centre	1
@muhammadshehad2	1
Misbar	1
al-Nahda	1
al-Thawra District	1
Kirya	1
Sanaa Yemen	1
Holland	1
@alhaq_org	1
the Kiryat Shmona	1
@OrenZiv_	3
Baraachit	1
the Upper Galilee	1
Tel Avi	1
Shaeb al-Botum	1
Burqah	1
Kafr Kadum	1
Hajar	1
Deir al-Ghusun	1
Walla	5
Yakhont	1
Burkan	1
Zahrani	1
Faroun	1
al-Atara	1
Arana	1
Faqoua	1
al-Arqa	1
Zububa	1
al-Mahatta	1
Sudanâ€™s Red Sea	1
Suakin	1
Musrara	1
Bab el-Mandeb	1
the Straits of Hormuz	1
Malacca	1
Setif	2
Guelma	1
Barweh	1
Deir al-Asad	1
Kafr Yasif	1
al-Ramle	1
Ramadan	1
Hulm Al Sahra	1
Buday	3
Aadous	1
Hujair Valley	1
Majadel	1
Field	1
Dimona	2
Veraval	1
Aidaâ€™s	1
Gazaâ€™s Shati	1
Mohammedâ€™s	1
the Hadab Aita Heights	1
Mukaram Qurt	1
the West Bankâ€™s	1
Israelâ€™s Damon	1
Kafr Naiâ€™m	3
Israelâ€™s Hasharon	1
Al-Sheikh Redwan	1
al-Hassanat	1
Ferguson	1
al-Fawwar	2
Britian	1
Central	2
Judaisation	3
Bilin	1
al-Safina	2
al-Baydar	2
Tuffah	4
WHOâ€™s Cairo	1
Makan	1
Al-Safina	1
Al-Baydar	1
Al-Zaytoun	1
Aisha al-Huraini	1
Israelâ€™s Ofer	1
Al-Tuwani	2
Southeast Michigan	1
Arab America	2
Haspin	1
Ottoman Palestine	1
Filastin	1
Al Lajjun	1
Legio	1
Riha	1
Jabal al-Khalil	1
Shefaraam	1
Beisan	1
al-Lidd	1
Bir al-Saba	1
Acca	1
Rio	3
Morro da ProvidÃªncia	1
Baixada Fluminense	1
Rioâ€™s MarÃ©	1
Planalto	1
Sao Pauloâ€™s	1
al-Sirsawy	1
Des Moines	7
Cedar Rapids	5
Iowa City	5
New Yorkâ€™s Ellis Island	1
Yosep	1
the Former Republics of Yugoslavia	1
the Etzion Bloc	1
Kfar Etzion	1
Modiâ€™in Illit	2
Separation Barrier	1
Wadi Fukin	1
Wadi as-Seeq	1
The Netherlands	1
Sudaniya	1
Asia-Pacific	1
Alwaneh	1
Surin province	1
Isan	1
Khomkritâ€™s	1
the Palestinian Territory	2
Tulkarem city	1
@AMokhallalati	1
Hanan al-Qeeq	1
Malaka	1
Fadiâ€™s	2
Beâ€™eri kibbutz	1
Lesvos	1
Middle East Eye	3
al-Muntar	1
Karni	4
Shejaiya	1
@AAhronheim	1
NY	1
@Iran_UN	1
#IL03	1
Muqataa	1
Tennessee	4
Dahiyeb	1
al-Arouri	2
Saudi Aramcoâ€™s	1
the Western Cape Province	1
the Western Cape	1
Hashemite Kingdom	1
Wadi Araba	1
Bilâ€™in	1
Atwani	1
Latrun	1
Pontiac	3
Umm Yousifâ€™s	1
Joret al-Dahab	1
Kounine	2
Jardah	1
Adamit	2
Blinkenâ€™s Middle East	1
Holy Land	1
St Louis	5
Neve Tirtza	1
Rushdibbc	1
Al Remal	1
al-Adwa	1
Gaza Cityâ€™s Remal	1
Annan	1
the Abrahamic Holy Lands	1
Maghazi Roads	1
WI	1
MI	1
Qalqiliya	2
Al-Ain	1
Asaadâ€™s	1
the Maale Adumim	1
@sanchezcastejon	1
the Suez Canal Economic Zone	1
Laylat al-Qadr	1
Israel's	2
Jabal Sabih	6
Yatma	1
al-Tanf	1
the Hashemite Kingdom of Jordan	1
Al Salam	1
Jayyous	1
Al-Arroub	2
Jamaâ€™a Islamiya	2
the Sea of Galilee	1
Gazaâ€™s Beit Lahiya	1
al Shati	1
Champions League	1
Motherwell	1
Dakhla	1
Sharm Al-Sheikh	1
Jebaliya	1
Saigon	1
South West Africa	3
Sonnenalle	1
Cologne	2
Bridgeview	1
Gaza Governorates	1
North of Gaza	1
Kusovac	1
Ithaca	1
SOUTH AFRICA	1
@EylonALevy	1
Kafr Nama	1
israel	1
@RepMaxMiller	1
@MarshaBlackburn	1
Ljubljana	1
Valletta	1
al-Madaris	1
the Gaza City	2
Gemmayze	2
Adadaâ€™s	1
Noura	1
Deir Ghazzalah	1
Batan al-Hawa	4
Shekih Jarrah	1
Beirutâ€™s Hamra	2
Dora	2
Tigray	1
al-Majdal	3
Ras al-Amoud	1
Nurseirat	1
Greater Land of Israel	1
The State of Israel	2
SÃ£o Paulo	2
Mogi das Cruzes	1
Porto Alegre	1
Saâ€™dah	1
Londonâ€™s	1
Blue Line	1
Makassed	1
Aqabet Jabr	1
Wihdat	1
Sabah	1
Ivory Coast	1
the Black Sea	1
Harb	1
Maluku	1
Plainfield	1
Will County	2
Joliet	1
Jawwal	2
@JawwalPal	1
@Rasha_Abdul	1
Gazaâ€™s Beit Hanoun	1
Al-Shujaâ€™iya	1
Rochdale	9
Al-Saftawi	1
Mackinac Island	1
Great Lakes	1
Lake Michigan	1
Beit Nabala	1
Tipperary	1
Mandate Palestine	1
@JohnLyndon_	1
Zaytun	1
Tekoa	1
Nokdim	1
Syriaâ€™s Damascus	1
Mazzeh	2
Borj el Barajneh	1
Hamraâ€™s	1
West Beirutis	1
Dabbouch	1
East Beirut	1
Swieda	1
KS	1
Makhmas	1
Gazaâ€™s beach	1
Yaâ€™ara	2
Kfarchouba	1
the Adamit kibbutz	1
West Bankâ€™s Jenin	3
@SenJohnBarrasso	1
X.
Rafah	1
Israelâ€™s Haifa	1
al-Sheikh	1
Aliâ€™s	1
East Kalimantan	1
Bandung	1
Londonâ€™s city	1
Nahal Oz	1
Sufa	1
Burayr	1
al-Kilani	1
Bartaâ€™a	1
Basmat Tabun	1
al-Halisa	1
Saâ€™wa	1
al-Helou	1
Jibchit	1
Mansouri	1
the GazaÂ Strip	1
@ZainAsher	1
Gazahttps://t.co/KKEJ0RgVE0#MOFAQatar	1
@yelkhoudary	1
Africaâ€™s Cape of Good Hope	1
the Western Front	1
Alps	1
Cu Chi	1
Gazaâ€™s earth	1
Israa	1
Miâ€™raj	1
Haniya	1
@Alhassan_Wm_Ma	1
Srebrenia	1
the Warsaw Ghetto	1
Barqa village	1
@DrMichaelOren	1
Turmusâ€™ayya	2
Turmusayya	1
the Canary Islands	1
the Middles East	1
Qalunya	1
Saris	1
Beit Surik	1
@saribashi	1
Imadeldin Abedâ€™s	1
el-Sayed	1
Qibly	2
Qaddoura	1
the Palestinian Gaza Strip	1
Kazakhstanâ€™s	2
Astana	3
Ahmedabad	1
the Stone Age	1
Idna	1
Falastin	1
Montana	1
Strait of Hormuz	1
the UAEâ€™s Fujairah	1
British Columbia	1
Riyadhâ€™s	2
Taba	6
Nuweiba	3
Ein	1
Beit al-Ma	1
#Gaza	1
Kobar	2
Niilin	3
Nili	1
Naâ€™ale	1
Kubar	1
Yasmineh	1
Bab-el-Mandeb strait	1
Eastern Mediterranean region	1
the Environs of Jerusalem	1
Gamaâ€™a al-Islamiyya	1
Malaysiaâ€™s	1
Benin	2
Burundi
C	1
Cote Dâ€™Ivoire	1
Guyana
H	1
Jamaica	2
Monaco	2
North Macedonia	2
Oman
P: Pakistan	1
Qatar
R: Republic of Korea	1
Republic of the Congo
S	1
Samoa	2
Tuvalu	2
Turkey
U	1
Tonga
U	1
Burundi	1
Rwanda, Republic of the Congo	1
Tonga	1
@UN_News_Centre	1
Erne	1
County Mayo	1
the Land League	4
Ulster	2
Mitchelstown	1
County Cork	1
Long Kesh	1
Israelâ€™s Nafha	1
Armagh	1
Jerusalem city	1
al-Araqib	1
Hanoun	1
Beersheva	1
Manasra	6
Pisgat Zeâ€™ev	2
Deir Al Balah	1
Nevatim	2
Ahed	1
Haderim	1
Venice Biennale	1
el-Kafarna	1
Finlandâ€™s	1
FlyDubai	1
Bakri	1
Shuhada	1
Cairo, Egypt	1
Desert Smugglers	1
Hamoud	1
Taalbaya	1
Rashidiya	1
Hebron Municipality	1
Al-Taawon	1
al-Nabulsi	1
Nablusâ€™ Old City	1
Gaza.	1
Huwwaraâ€™s	1
Persian Gulf	1
Maroun El Ras	1
@zarahsultana	1
Bani Naim	1
Raanana	1
Nir Am	1
Mefalsim	1
Zarâ€™it	1
Malkia	1
Twam	1
Qalqilyah	1
Deir Ballout	1
the Cape Peninsula	1
Abushawish	1
al-Daraj	1
Nova	1
Kfar Aza kibbutz	1
@EstherSolomon	1
Leicestershire	1
Seddiqine	1
@andyratto	1
@BostonPSL	1
@stanhijabi	1
Khader	1
Fuqeiqis	1
Negohot	1
the European Union	1
Damon	2
Indian Ocean	1
the East River	1
Huwaraâ€™s	1
Kifl Haris	1
Dania	1
Shlomi	2
Moshav Betzet	1
Neveh Tzuf	1
Pesagot	1
Deir Nitham	1
Salfit area	1
Venice	1
EgyptianÂ Sinai	1
Yousefâ€™s	1
Bijeljina	1
SimriNajwan	1
Bab Hutta	1
Northern Valleys	1
Abu Tor	1
BeitÂ Hanina	1
Judaise East Jerusalem	1
Fatahland	1
Herzliya	2
Deir Nidham	2
Shuqba	1
Qadah	1
the Iron Dome	1
Evytar	2
Al-Sudaniya	1
al-Sudaniya	1
Alborz	4
Hormuz	1
the Arabian Gulf	1
Har Habayit	1
@ArutzSheva_En	1
the Davidian Kingdom	1
Daesh	1
Ayn Karim	1
Ashour	1
EigzBWMpyO	1
Beitaâ€™s	1
North London	1
Greater Manchester	1
Dundee	2
Scotlandâ€™s east coast	1
Bradford West	1
Dundeeâ€™s Hawkhill District	1
Israel-free zone	1
al-Nasser	2
Atocha	1
UKâ€™s	1
East #Jerusalem	1
Tahrir	2
Overland	1
Rosh Hanikra kibbutz	1
The Arab League	1
Hamasâ€™ Doha	1
@IsraeliPM	2
@UNGeneva	1
Milhem	1
Wadi Tahta	1
Shaâ€™ab Tariq	1
Free Palestine	1
New England	1
@miriammmarini	1
Kanaker	1
Sarit	1
@AmbHerzog	1
Gazaâ€˜s	1
@TomWhiteGaza	2
Basravi	1
Avnei Heftz	1
@HShaqrah	1
Manasraâ€™s	1
Entebbe	1
the United Arab Emiratesâ€™s Fujairah	1
al-Lubban al-Gharbieh	1
the Greater Middle East	2
Ankaraâ€™s	1
Nelin	1
Halhul city	1
Palestine, Palestine	1
@bashir_caato	1
Shalabi	1
Beit Rima	1
Jalameh	2
Deir Dibwan	1
Ofra	1
Rochester	1
Rabbat	1
Netanyahâ€™s	1
Djerba	1
El Ghriba	1
El Hamma	1
Gabes	1
Asia-Pacific region	1
Pacific Islands	1
Panjgur, Pakistanâ€™s Balochistan province	1
Maysaâ€™s	1
Adaisseh	2
Ain al-Hilweh	1
Saida	1
Dahieh	1
Adloun	1
Alma al-Shaab	2
Um El-Kheir	1
#RedSea	1
West Banka	1
Hazemâ€™s	1
the Hudson River	1
Jerichoâ€™s Aqabat Jabr	1
Bita	1
Buenos Aries	1
Belize
Belize	1
@shejae3a	1
Rotterdam	2
Valencia	3
Seville	1
Malaga	1
Bilbao	1
Zaragoza	1
Melissaâ€™s	2
Adalah	1
QFFD	1
Lulaâ€™s Gaza	1
Schengen	1
Friedrichstrasse	1
Tel al-Zaatar	1
Beirutâ€™s Sabra	1
Zena al-Tahhan	1
Eretz Israel	1
Tayr Harfa	1
South #Lebanon	1
Ellis Island	1
Washington-DC	1
Albuquerque	1
Queens	1
Sunnyside	1
Maine	1
Sandridge Beach	1
the ZIM Ganges	5
Buthaina	1
northğŸ“#Gaza	1
The European Union	1
Khorasan	1
Aleppoâ€™s	1
Al-Maghazi	1
Schumerâ€™s	1
Aljazeera	1
Sheikh Ijlin	1
Taiz province	1
Al-Bayda	1
Israelâ€™s Red Sea	1
Egyptâ€™s Red Sea	1
Awawdehâ€™s	1
@MaaTiti6	1
Indiana, United States	1
Sebastiya	1
Akrotiri	12
Limassol	1
Pashias	1
the Republic of Cyprus	2
Dhekelia	1
West Bankâ€™s Nablus	1
St Catherine	1
Peninsula	1
the Sinai Bedouins	1
al-Arish	1
Sawarka	1
the Maâ€™on Farm	1
@AvichayAdraee	1
the Green Zone	1
Ranana	1
Saffa	1
al-Qatamon	3
Aitarun	1
Aytaroun	1
Hula	1
Naqura	1
Tacoma	2
the Cape Orlando	4
Syriaâ€™s Homs province	1
the League of Arab States	2
Abdelrahman	1
Michiganâ€™s	1
Holy Basin	1
Bonn	1
Beir Ayoub	1
Sheikh Zuweid	1
Californiaâ€™s Bay Area	1
the Western Hemisphere	1
Vasco da Gama	1
Inca	1
Nagasaki	1
Libyaâ€™s	1
Sousa	1
5th District	1
Nashville	3
Davidson County	1
Luban Ash-Sharqiya	3
Maâ€™ale Levona	1
the Luban Ash-Sharqiya Municipality	1
Korea	1
the Holy Lands	1
Luton	2
South East Asia	1
Central America	1
Denpasar	1
the Republic of Indonesia	1
Barakaâ€™s	1
Chinaâ€™s Middle East	1
Alfarra	1
Third World	1
Warren	2
Western Balkan	1
WCK	1
Damascus Gate	1
Mendelblitâ€™s	1
Earthâ€™s	1
Mudawwara	1
Ma'an	1
@BashaReport	1
Juneau	1
@NewZealandMFA	1
@pdsutter	1
@HoseinMortada	1
@cogatonline	1
Farhanah	1
Jabaliia	1
the Central Park	1
Mason	1
Johara	1
Lubban ash-Sharqiya	1
Atatra	1
Sevastopol	1
@Mirna_elhelbawi	1
Fuerstenfeldbruck	1
Sheba	1
al-Muarrajat	8
Mughayer al-Deir	13
Mleihat	1
Maâ€™ale Mikhmas	2
Wadi Siq	1
Mitzpe Dani	1
the Gaza Premier League	1
al-Atrash	1
HaMoked	1
@Ehabhelou	1
Nahal Ouz	1
Kissufim	1
Sawsan	1
@hadjalahbib	1
The Kingdom of Morocco	1
El Amal City Hospital	1
Bab Al-Amoud	1
al-Wad	1
Gazaâ€™s al-Shifa Hospital	1
a Gaza Strip	1
Danielle*	1
Israelâ€™s southern coast	1
Baka el-Garbiya	2
Tiran	1
Sanafir	1
the Straits of Tiran	1
San Bernardino	1
the Middle Eastâ€™s	1
Neom	1
RaghadğŸ‡µğŸ‡¸	1
Leeds	3
al-Mangoush	1
al-Zawiya	1
Tajoura	1
Soug al-Jumaa	1
Misrata	1
Qibla	1
Bethlehem city	1
Bab al-Zawiya	1
the Dead Sea	2
Gulf of Aqaba	1
Dovev	2
Zaytoun	1
Iraqâ€™s Abu Ghraib	1
Abu Ghraib	1
Etzion	1
the Ara valley	1
Kanafaniâ€™s	1
Bani Souhaila	1
al-Zana	1
Second Thomas Shoal	2
Palawan	1
Hainan Island	1
Birkat Risha	1
Maale Golan	1
The Jericho Municipality	1
Lebanonâ€™s Rachaya Al Foukhar	1
Israelâ€™s Mount Hermon	1
Mount Meron	1
Almas	1
Al-Muntar	1
Chadâ€™s	2
Nâ€™Djamena	1
Marthaâ€™s Vineyard	1
the Old Cityâ€™s	1
Interchanging United States	1
Kafr Malek	1
al-Auja	1
al-Nuwaimah	1
Sheikh Redwan	1
Gavle	1
Mangaluru	1
Mangalore	1
Hodeidahâ€™s shores	1
Yafaâ€™s	1
northwestern Negev desert	1
Nir Yithak	1
Mohannad al-Mazraa	1
Azariya	1
Al-Fukhari	1
Blantyre, Malawi	1
Lilongwe	1
Salmiya	1
The Jerusalem Municipality	1
al-Bustanâ€™s	1
the Old City Basin	1
Gazaâ€™s Rimal	1
Mayyun	1
Esh Kodesh	1
Shilo	2
El Amal	1
Mainz	1
@elghazi1995	1
Herzogâ€™s Turkey	1
Ansam	1
Hamtramck	1
Washtenaw County	1
al-Lubban	1
Peterborough	1
Israelâ€™s Naqab	1
Noble Sanctuary	1
Belmopan	1
Sharm El-Sheikh	1
al-Katiba	1
South Africansfrom	1
Western Cape province	1
Jalboun	1
Beit Qad	1
Faqqua	1
Deir Abu Daâ€™if	1
@piersmorgan	1
Paltel	1
East China Seas	1
Manilaâ€™s Exclusive Economic Zone	1
Balfour	1
Westminster	1
Guernica Palestine	1
the Basque Country	3
Catalonia	2
al-Bali	1
Amari	1
Riga	1
Karameh	1
Houra	1
#Gaza City	1
Bâ€™tselem	1
@Aljarmaqnetnews	1
Bucha	1
Izyum	1
Wafa	1
Sari al-Jabari	1
Hebronâ€™s Tikkiyya Ibrahimiyya	1
Tikkiyya	3
Ibrahimiyya	1
al-Rajabi	1
Israelâ€™s Eilat	1
